,Name,Location,Cat #,Web
2,1-Naphthyl ethylenediamine dihydrochloride,Chemical drawer 663,222488-10G,sigmaaldrich.com
3,Acesulfame potassium,Chemical drawer 663,A2815,spectrumchemical.com
4,Acetone,607T Fume hood,1.00014.2500,emdmillipore.com
5,Acetylneuraminic acid hydrate,Back -20 663,A0639,tcichemicals.com
6,Acid-hydrolyzed casein (certain vitamins reduced or eliminated),Chemical cabinet 663,228820,bdbiosciences.com
7,Activated charcoal,Large chemical cabinet 663,1615511KG,sigmaaldrich.com
8,Adenine Sulfate,Chemical drawer 663,163630250,fishersci.com
9,Agar bacteria grade,Chemcial cabinet 663,443572500,fishersci.com
10,Agar noble,Chemical cabinet 663,214220,bdbiosciences.com
11,Agarose low melt,Chemical cabinet and drawer 663,BP160-500,fishersci.com
12,Agarose RA,Chemical cabinet 663 ,N605-500G,fishersci.com
13,Alanine,Chemical drawer 663,A7077-25G,sigmaaldrich.com
14,Alanine,Chemical cabinet and drawer and fume hood 663,102835000,fishersci.com
15,Albumin from chicken egg white,Fridge 663,A550-1G,sigmaaldrich.com
16,Amberlite IRA-67,Chemical cabinet 663,42253,alfa.com
17,Aminobenzoic Acid,Chemical drawer Fume hood and fridge 663,A12673,alfa.com
18,Aminocaprylic acid,Chemical drawer 663,203220050,fishersci.com
19,Amino-gamma-butrolacetone HCL,Chemical drawer 663,119063,sigmgaaldrich.com
20,Aminophenylmercuric acetate,Chemical drawer 663,A9563-5G,sigmaaldrich.com
21,Ammonium 15N2 sulfate,Chemical drawer 663,299286-10G,sigmaaldrich.com
22,Ammonium carbonate,Chemical cabinet 663,A9516-500G,sigmaaldrich.com
23,Ammonium chloride,Chemical cabinet 663,0660-01,avantornic.com
24,Ammonium citrate dibasic,Chemical drawer 663,24751-100G,sigmaaldrich.com
25,Ammonium citrate tribasic,Chemical drawer 663,A16973,alfa.com
26,Ammonium Persulfate,Chemical drawer 663,A3678-25G,sigmaaldrich.com
27,Ammonium sulfate,Chemical cabinet and fume hood 663,A4418-100G,sigmaaldrich.com
28,Ampicillin,Fridge 663,BP1760-25,fishersci.com
29,Ampicillin sodium salt,Fridge 663,A0166-5G,sigmaaldrich.com
30,Ampramycin sulfate salt,Fridge 663,A2024-5G,sigmaaldrich.com
31,Arabinogalactan 1kg,Large chemical cabinet and fume hood 663,W325406-1K,sigmaaldrich.com
32,Arabinose,Chemical drawer 663,A3256-25G,sigmaaldrich.com
33,Arginine,Chemical drawer and fume hood 663,104991000,fishersci.com
34,Arginine hydroxamate HCl,Side -20 663E,A7380-100MG,sigmaaldrich.com
35,Ascorbic Acid,Chemical drawer 663,36237,alfa.com
36,Asolectin from soybean,Fidge 663,11145-50G,sigmaaldrich.com
37,Asparagine,Chemical drawer 663,A0334-25G,sigmaaldrich.com
38,Asparagine,Chemical drawer and fume hood 663,A4159-25G,sigmaaldrich.com
39,Aspartame,Chemical cabinet 663,A1377,spectrumchemical.com
40,Aspartic acid,Chemical drawer and fume hood663,105041000,fishersci.com
41,Axtreonam,Fridge 663,A6848-50MG,sigmaaldrich.com
42,AZIDE BLOOD AGAR BASE ,Chemical cabinet 663,CM0259,thermofisher.com
43,Bacto agar,Chemical cabinet 663 and Annie's Bench 607,72717280,bdbiosciences.com
44,Beef exract powder,Chemical cabinet 663,212303,bdbiosciences.com
45,Betaine,Chemical drawer 663,204241000,fishersci.com
46,Bicine,Chemical drawer 663,A14957,alfa.com
47,Bile bovine,chemical cabinet and fume hood663,B3883-500G,sigmaaldrich.com
48,Bile bovine and ovine,Chemical cabinet 663,B8381-100G,sigmaaldrich.com
49,Bile extract porcine,Chemical cabinet 663,B8631-100G,sigmaaldrich.com
50,Biotin,Chemical drawer and fridge 663,B4501-1G,sigmaaldrich.com
51,Bis tris,Chemical cabinet 663,B4429-100G,sigmaaldrich.com
52,Boric acid,Chemical cabinet 663,0084-01,avantornic.com
53,Brain heart infusion broth,Chemical cabinet and fume hood 663 and Annie's bench 607,211059,bdbiosciences.com
54,Brilliant Blue (Coomasie),Chemical drawer 663,B-0770,sigmaaldrich.com
55,Bromocresol Purple,Chemical drawer 663,A19350,alfa.com
56,Bromophenol Blue Sodium Salt,Chemical drawer 663,15022,mpbio.com
57,Bromothymol blue,Chemical drawer 663,B0687,tcichemicals.com
58,Bromouracil,Chemical drawer 663,852473-5G,sigmaaldrich.com
59,Brucella broth,Annie's bench 607,211088,bdbiosciences.com
60,BRUCELLA MEDIUM BASE 500G,Chemical cabinet 663,CM0169,thermofisher.com
61,Butyldimethylsilyl-N-methyltrifluoroacetamide,Fridge 663,19918,sigmaaldrich.com
62,Calcein,Chemical cabinet 663,C0815-5G,sigmaaldrich.com
63,Calcium chloride dihydrate,Chemical cabinet  and fume hood 663,BP510-500,fishersci.com
64,Calcium nitrate ,Chemical cabinet 663,7270780,bdbiosciences.com
65,Calcium nitrate tetrahydrate,Chemical cabinet 663,423535000,fishersci.com
66,Carbenicillin disodium salt,Chemical drawer and fridge 663,C0283-25G,sigmaaldrich.com
67,Carbonate-bicarbonare buffer,Chemical drawer 663,C3041-50CAP,sigmaaldrich.com
68,Casamino acids ,Chemical cabinet 663,J851-500G,us.vwr.com
69,Casein from bovine milk,Chemical cabinet 663,C7070-500G,sigmaaldrich.com
70,Casitone bacto,Chemical cabinet 663,225930,bdbiosciences.com
71,Catalase from bovine liver,Side -20 663,C1345-1G,sigmaaldrich.com
72,Cefaclor,Fridge back and side -20 663,C6895-100MG,sigmaaldrich.com
73,Cefoperazone sodium salt ,Fridge 663,C4292-5G,sigmaaldrich.com
74,Ceftriaxone disodium salt hemi(heptahydrate),Fridge 663,C2226,tcichemicals.com
75,Cellobiose,Chemical cabinet and fume hood 663,C7252-100G,sigmaaldrich.com
76,Chloramphenicol,Chemical drawer 663,C-0378,sigmaaldrich.com
77,Chloric acid sodium salt,Chemical drawer 663,229101-50G,emdmillipore.com
78,Chloroform,607 Fume hood,C298-500,fishersci.com
79,Chlorpheninamine maleate,Chemical drawer 663,C3025-5G,sigmaaldrich.com
80,Cholesterol,Chemical cabinet and Hood 663,F676-05,avantornic.com
81,Choline chloride,Chemical drawer 663,C7017-25G,sigmaaldrich.com
82,Ciprofloxacin,Chemical drawer 663,17850-5G-F,sigmaaldrich.com
83,Citric acid anhydrous,Chemical cabinet 663,BP339-500,fishersci.com
84,Clindamycin phosphate,Fridge 663,C2257,tcichemicals.com
85,Clostridien agar,Chemical cabinet 663,V376110,emdmillipore.com
86,Cobalt(II) chloride hexahydrae,Chemical drawer 663,C8661-25G,sigmaaldrich.com
87,Colistin Sulfate,Fridge 663,68,chemimplex.com
88,Columbia agar MLT,Chemical cabinet 663,R45412,remel.com
89,Columbia blood agar,Chemical cabinet 663,CM0331,thermofisher.com
90,Columbia broth,Chemical drawer 663,274420,bdbiosciences.com
91,Copper (II) chloride,Chemical drawer 663,203149-10G,sigmaaldrich.com
92,Copper (II) sulfate pentahydrate,Chemical drawer 663,203009A,southernbiotech.com
93,Cycloserine,Fridge 663,618,chemimpex.com
94,Cysteine,Chemical drawer 663,C7352-100F,sigmaaldrich.com
95,Cysteine HCl Anhydrous,Chemical drawer 663,C1267-50G,sigmaaldrich.com
96,Cytarabine,Fridge 663,1162002,sigmaaldrich.com
97,Cytidine,Chemical drawer fridge 663,C4654-1G,sigmaaldrich.com
98,Cytidine 3'-monophosphate,Side -20 663,C-1133,sigmaaldrich.com
99,Cytidine 5'-monophosphate,Side -20 663,C131-1G,sigmaaldrich.com
100,Dantrolene sodium salt,Chemical drawer 663,D9175-100MG,sigmaaldrich.com
101,Daptomycin,Side -20 663,D2446-1MG,sigmaaldrich.com
102,Decanal,Fridge 663,D7384-25G,sigmaaldrich.com
103,Decoyinine,Fridge 663,A-230,biomol.com
104,Denatonium benzoate,Chemical drawer 663,D5765-5G,sigmaaldrich.com
105,Deoxycholic acid minimum 99%,Chemical cabinet 663,D2510-100G,sigmaaldrich.com
106,Deoxyribonuclease,Back freezer 663,DN25-1G,sigmaaldrich.com
107,Deoxyridine 5 - monophosphate dissodium salt,Back -20 663,D3876-100MG,sigmaaldrich.com
108,Dextrose anhydrous,Large chemical cabinet and fume hood 663,BP350-1,fishersci.com
109,Dihdrofolic acid dyhydrate,Back -20 663,271462-25MG,sigmaaldrich.com
110,Dimethylbenzimidazole,Chemical cabinet 663,D147206-25G,sigmaaldrich.com
111,Dinitrophenyihydrazine,Chemical drawer 663,D199303-25G,sigmaaldrich.com
112,Dithiothreitol (DTT),Fridge and back -20 663,F780-02,avantornic.com
113,DNA from herring sperm,Fridge 663,D3159-10G,sigmaaldrich.com
114,Dodecanoic acid,Jenny's bench 663,A11672,alfa.com
115,EDTA disodium salt dihydrate,Chemical cabinet 663,15576-028,thermofisher.com
116,EGTA,Chemical cabinet and drawer 663,0732-100G,us.vwr.com
117,Elliker broth,Chemical cabinet 663,212183,bdbiosciences.com
118,Enrofloaxin,Chemical drawer 663,17849,sigmaaldrich.com
119,Enterococcosel agar,Fridge 607,212205,bdbiosciences.com
120,Enterococcosel broth,Annie's Bench 663,212207,bdbiosciences.com
121,Epinephrine,Fridge 663,E1635-5G,sigmaaldrich.com
122,Erythromycin,Chemical drawer 663,BP920-25,fishersci.com
123,Estradiol,Chemical drawer 663,E2758-250MG,sigmaaldrich.com
124,Ethanol,Everywhere,64-17-5,deconlabs.com
125,Ethidium bromide,Chemical drawer 663,666,chemimpex.com
126,Ethyl methane sulfonate,Fridge 663,M0880-25MG,sigmaaldrich.com
127,Ferric chloride anhydrous,Chemical cabinet 663,I72-500,fishersci.com
128,Ferrous sulfate,Chemical cabinet 663,I-146,fishersci.com
129,Flumequine,Chemical drawer 663,F7016-16,sigmaaldrich.com
130,Fluorouracil,Chemical drawer 663,F6627-5G,sigmaaldrich.com
131,Fluorouridine,Chemical drawer 663,F5130-100MG,sigmaaldrich.com
132,Folic Acid,Chemical drawer and fume hood 663,BP25195,fishersci.com
133,Fructose,Chemical cabinet and fume hood 663,L95-500,fishersci.com
134,Fucose,Chemical drawer and fume hood 663,F2525-5G,sigmaaldrich.com
135,Fusidic acid sodium salt,Fridge 663,F0881-1G,sigmaaldrich.com
136,Galactosamine,Fridge 663,A2795-100MG,sigmaaldrich.com
137,Galactose,Chemical cabinet and fume hood 663,G0625-500G,sigmaaldrich.com
138,Galactose minimum,Chemical drawer 663,G0750-10G,sigmaaldrich.com
139,Gelatin from bovine skin,Chemical cabinet 663,G9382-100G,sigmaaldrich.com
140,Gelatin from porcine skin type A,Chemical drawer 663,G2500-100G,sigmaaldrich.com
141,Gentomycin sulfate,Fridge 663,455310010,fishersci.com
142,Glucosamine 25g,Side -20 663,A3286-5G,sigmaaldrich.com
143,Glucose-6-phosphate disodium salt hydrate,Back -20 663,100312,mpbio.com
144,Glucuronic acid,Chemical drawer 663,G5269-10G,sigmaaldrich.com
145,Glutamic acid,Chemicasl drawer 663,G1251-100G,sigmaaldrich.com
146,Glutamic acid monosodium salt hydrate,Chemical cabinet 663,G1626-500G,sigmaaldrich.com
147,Glutamine,Chemical drawer and fume hood 663,BP379-100,fishersci.com
148,Glutaraldehyde solution,Back -20 663,G5882-100ML,sigmaaldrich.com
149,Glutathione oxidized,Side -20 663,G4626-100MG,sigmaaldrich.com
150,Glutathione reduced,Back -20 663,G4251-100G,sigmaaldrich.com
151,Glycerol,Chemical cabinet and Armando's bench 663,G22020-1.0,rpicorp.com
152,Glycerophosphate disodium salt hydrate,Chemical cabinet 663,C9422-100G,sigmaaldrich.com
153,Glycine,Chemical cabinet Fume hood and large chemical cabinet 663,G7126-500G,sigmaaldrich.com
154,Guanidine hydrochloride,Chemical cabinet 663,15502-016,thermofisher.com
155,Guanidine thiocyanate solution,Chemical drawer 663,50983-50ML,sigmaaldrich.com
156,Guanine HCl,Chemical drawer 663,411120250,fishersci.com
157,Guanosine 5'-[8-thio] triphosphate tetralithium salt,Chemical cabinet 663,G8634,sigmaaldrich.com
158,Guanosine 5'-diphosphate,Side -20 663,G727-100MG,sigmaaldrich.com
159,Guar gum,chemical cabinet,G9008-100G,aquasolutions.org
160,Hemin,Fridge 663,H651-9,frontierscience.com
161,HEPES,Chemical cabinet 663,H3375-100G,sigmaaldrich.com
162,HEPES buffer,Fridge 663,H0887,sigmaaldrich.com
163,Histidine,Chemical drawer and fume hood 663,A10413,alfa.com
164,Hydroxylamine Hydrochloride,Chemical drawer 663,HX0770-2,emdmillipore.com
165,Hydroxyl-L-proline,Chemical drawer 663,121700250,fishersci.com
166,Hydroxyphenyl Acetic acid,Chemical cabinet 663,H-4377,sigmaaldrich.com
167,Hydroxyurea,Fridge 663,H8671G,sigmaaldrich.com
168,Imidazole,Chemical cabinet 663,I0125-100G,sigmaaldrich.com
169,Indomethacin,Chemical drawer 663,I7378-5G,sigmaaldrich.com
170,Inosine,Chemical drawer 663,I4125-5G,sigmaaldrich.com
171,Inulin,Chemical cabinet and fume hood 663,A18425,alfa.com
172,Inulin from dahlia tubers,Chemical cabinet 663,13754-25G,sigmaaldrich.com
173,Iodoacetamide,Fridge and side -20 663,16125-5G,sigmaaldrich.com
174,Iron (II) chloride,Chemical drawer 663,372870-25,sigmaaldrich.com
175,Iron (II) sulfate heptahydrate,Chemical cabinet 663,F7002-250G,sigmaaldrich.com
176,Isoleucine,Chemical drawer 663,4160-100GM,emdmillipore.com
177,Isoleucine,Fume hood 663,I2752-25G,sigmaaldrich.com
178,Isopropyl-B-D-Thiogalactopyranoside,Side -20 663,CI8280-13,denvillescientific.com
179,Kanamycin sulfate,Chemical drawer and fridge 663,0408-10G,us.vwr.com
180,Kasugamycin,Fridge 663,K-4013,sigmaaldrich.com
181,Kethoxal,Side -20 663,17930,usbweb.com
182,Lactic acid solution 30% in water by weight,Fridge 663,L1875-100ML,sigmaaldrich.com
183,Lactobacilli MRS agar,Fridge 663 Fridge 607,7543B,hardydiagnostics.com
184,Lactobacilli MRS broth,Fridge 663 Fridge 607,288110,bdbiosciences.com
185,Lactose,Chemical cabinet 663,215620,bdbiosciences.com
186,Lechithin,Jenny's bench 663,36486,alfa.com
187,Leucine,Chemical drawer and fume hood 663,L8000-25G,sigmaaldrich.com
188,Lincomycin HCl,Side -20 663,1657-1G,sigmaaldrich.com
189,Lipoic acid,Chemical drawer 663,T5625-1G,sigmaaldrich.com
190,Lithium acetate,Chemical cabinet 663,517992-100G,sigmaaldrich.com
191,Lithium chloride,Chemical cabinet 663,2370-01,avantornic.com
192,Luria agar base Miller,Annie's bench 607,241320,bdbiociences.com
193,Lysine hydrate,Fume hood 663,282677-25G,sigmaaldrich.com
194,Lysine monohydrochloride,Chemical cabinet and drawer 663,125222500,fishersci.com
195,Lysozyme,Back -20 663,L6876-1G,sigmaaldrich.com
196,Lyticase from arthrobacter luteus,Fridge 663,L5163-25KG,sigmaaldrich.com
197,M17 broth,Chemical cabinet 663,218561,bdbiosciences.com
198,MacConkey agar,Chemical cabinet 663,212123,bdbiosciences.com
199,MacConkey agar base,Chemical cabinet 663,281810,bdbiosciences.com
200,MacConkey broth,Chemical cabinet 663,V343296,emdmillipore.com
201,Magnesium acetate tetrahydrate,Chemical cabinet 663,M0631-200G,sigmaaldrich.com
202,Magnesium chloride,Chemical cabinet 663,BPH0244-500G,us.vwr.com
203,Magnesium sulfate,Chemcial cabinet 663,BP213-1,fisherci.com
204,Magnesium sulfate heptahydrate,Chemical drawrer and fume hood 663,423900250,fishersci.com
205,Malachite Green Oxalate Salt,Chemical drawer 663,M6880-25G,sigmaaldrich.com
206,Maltodextrin,Chemical cabinet and Armondo's Bench 663,419672-100G,sigmaaldrich.com
207,Maltose monohydrate,Chemical cabinet and fume hood 663,A16266,alfa.com
208,Manganese (II) chloride tetrahydrate,Chemical cabinet 663,205895000,fishersci.com
209,Manganese (II) sulfate monohydrate,Fridge 663,221287-100G,sigmaaldrich.com
210,Manganese (II) sulfate tetrahydrate,Chemical cabinet and drawer 663,11596,alfa.com
211,Mannitol,Large chemica cabinet 663,M4125-1KG,sigmaaldrich.com
212,Mannose,Chemical drawer 663,M6020-25G,sigmaaldrich.com
213,Meat extract ,Fume hood 663,70164-100G,sigmaaldrich.com
214,Menadione,Chemical drawer and fume hood663,460-007-G010,enzolifesciences.com
215,Mercaptoethanol,607 Fume hood,125470100,fishersci.com
216,MES hydrate,Chemical cabinet 663,M8250-250G,sigmaaldrich.com
217,Methanol,Fridge 607,A402-1,fishersci.com
218,Methionine,Chemical cabinet drawer Fume hood and Fridge 663,BP388-100,fishersci.com
219,Methyl-a-D-glucopyranoside,Chemical cabinet 663,M9376-100G,sigmaaldrich.com
220,Methylumbelliferyl-?-D-glucuronide,Fridge 663,M9130-25MG,sigmaadrich.com
221,Metronidazole,Fridge 663,210340050,fishersci.com
222,Minimal salts 5x,Chemical cabinet 663,248510,bdbiosciencs.com
223,MOPS,Annie's bench 607,M1234-250G,sigmaaldrich.com
224,Mucic acid,Fume hood 663,M89617-100G,sigmaaldrich.com
225,Mucin from porcine stomach,Fridge 663,M2378-100G,sigmaaldrich.com
226,Muscimol,Fridge 663,M1523-5MG,sigmaaldrich.com
227,Nalidixic Acid,Chemical drawer 663,N8878-5G,sigmaaldrich.com
228,Nalidixic acid sodium salt,Chemical drawer 663,N4382-5G,sigmaaldrich.com
229,Neutralization buffer,Fridge 663,D4036-240,zhymoreresearch.com
230,Nickel (II) chloride,Chemical drawer 663,223387-25G,sigmaaldrich.com
231,Nicotinamide,Chemical cabinet 663,N0636-100G,sigmaaldrich.com
232,Nicotinic acid,Chemical drawer 663,128290050,fishersci.com
233,Nisin from Lactococcus lactis,Fridge 663,N5764-5G,sigmaaldrich.com
234,Nitrilotriacetic acid,Chemical cabinet 663 ,A11936,alfa.com
235,Nitrophenyl ?-D galactopyranoside,Side -20 663,N1127-25MG,sigmaaldrich.com
236,Nitrophenyl-?-D glucoranide,Side -20 663,N1627-250MG,sigmaaldrich.com
237,Novobiocin sodium salt,Fridge 663,491207,calbiochem.com
238,Nutrient broth Difco 234000,Chemical cabinet 663,234000,bdbiosciences.com
239,N?-p-Tosyl-L-arginine methyl ester hydrochloride,Side -20 663,T4626-5G,sigmaaldrich.com
240,Ofloxacin,Fridge 663,O87571G,sigmaaldrich.com
241,Oleic acid,Fume hood 661,O0180,tcichemicals.com
242,Orotic Acid,Chemical cabinet and drawer 663,02575-100G,sigmaaldrich.com
243,Palmitic acid,chemical drawer 663,P0500-10G,sigmaaldrich.com
244,Pancreatin from porcine pancreas,Side -20 663,T626-5G,sigmaaldrich.com
245,Pantothenic Acid Calcium Salt Hydrate,chemical drawer 663,259721-5G,sigmaaldrich.com
246,Pantothenic Acid Hemi-Calcium salt,Fridge 663,P-2250,sigmaaldrich.com
247,Pectin from apple,chemical drawer 663,76282-100G,sigmaaldrich.com
248,Pepsin from porcine gastric mucsa,Side -20 663,P6887-1G,sigmaaldrich.com
249,Peptone,Chemical cabinet 663,LP0072,thermofisher.com
250,Peptone 140,Chemical cabinet 663,J849-500G,us.vwr.com
251,Peptone from casein pancreatic digest,Chemical cabinet and Armando's bench 663,70169-500G,sigmaaldrich.com
252,Phenanthroline,Chemical drawer 663,131377-5G,simgaaldrich.com
253,Phenylalanine,Chemical cabinet and drawer and fume hoof 663,BP391-100,fishersci.com
254,Polyethylene glycol,Chemical cabinet 663,P5402-500G,sigmaaldrich.com
255,Polygalacturonic acid 25g,Chemical drawer 663,L04206,alfa.com
256,Ponceau S,Chemical drawer 663,P3504-10G,sigmaaldrich.com
257,Potassium acetate,Chemical cabinet 663,BP364-500,fishersci.com
258,Potassium carbonate,Chemical cabinet 663,209619-500G,sigmaaldrich.com
259,Potassium chloride,Chemical cabinet 663,P5605-500G,sigmaaldrich.com
260,Potassium cyanide,Chemical drawer 663,60178-52G,sigmaaldrich.com
261,Potassium hydroxide,Chemical cabinet 663,314-01,avantornic.com
262,Potassium phosphate dibasic K2HPO4,Chemical cabinet and fume hood 663,0705-500G,us.vwr.com
263,Potassium phosphate monobasic KH2PO4,Chemical cabinet and fume hood 663,BP362-500,fishersci.com
264,Potassium tetraborate tetrahydrate,Chemical cabinet 663,39435,alfa.com
265,Potassium-L-aspartate,Chemical cabinet 663,P22450,pfaltzandbauer.com
266,Potato dextrose agar,Chemical cabinet 663,P2182-250G,sigmaaldrich.com
267,Power bead solution,Jenny's bench 663,157033243,qiagen.com
268,Proline,Chemical drawer and fume hood 663,P0380-100G,sigmaaldrich.com
269,Proteinase K,Side -20 663,P2038-100MG,sigmaaldrich.com
270,Proteose peptone no.3 bacto,Chemical cabinet 663,211693500G,bdbiosciences.com
271,Pyridoxal 5'-phosphate,Side -20 663,P9255-5G,sigmaaldrich.com
272,Pyridoxal HCl,Side -20 663,P6155-5G,sigmaaldrich.com
273,Pyridoxamine dihydrochloride,Chemical drawer 663,P9380-1G,sigmaaldrich.com
274,Pyridoxine HCl,Chemical drawer 663,P-9755,sigmaaldrich.com
275,Quercentin Dihyrdrate,Chemical drawer 663,21000,usbweb.com
276,Raffinose pentahydrate,Chemical cabinet 663,R0250-25G,sigmaaldrich.com
277,Reinforced clostridial medium,Chemical cabinet 663,218081,bdbiosciences.com
278,Resazurin sodoim salt,Chemical drawer 663,R7017-1G,sigmaaldrich.com
279,Riboflavin,Chemical cabinet fume hood 663,P9504-25G,sigmaaldrich.com
280,Riboflavin 5'-phosphate sodium salt hydrate,Side -20 663,R7704-25G,sigmaaldrich.com
281,Ribose,Chemical drawer 663,R9629-25G,sigmaaldrich.com
282,Rifampicin,Side -20 663,R3501-5G,sigmaaldrich.com
283,Rubidium chloride,Chemical drawer and fridge 663,12892,alfa.com
284,Saccarin sodium,Chemical cabinet 663,S394-500,fishersci.com
285,Serine,Chemical drawer and fume hood 663,S4500-100G,sigmaaldrich.com
286,Serine hydroxamate,Side -20 663,S4503-250MG,sigmaaldrich.com
287,Silver sulfate,Chemical drawer 663,11417,alfa.com
288,Skim milk,Fridge 663,6342932,bdbiosciences.com
289,SOB medium,Annie's bench 607,244310,bdbiosciences.com
290,Sodium acetate anhydrous,Chemical cabinet 663,A13184,alfa.com
291,Sodium azide,Chemical cabinet and drawer 663,S5761-500G,sigmaaldrich.com
292,Sodium bicarbonate,Chemical cabinet Fume hood Large chemical cabinet and Armando's bench 663,BP357-1,fishersci.com
293,Sodium chloride,Chemical cabinet Fume hood and large chemical cabinet 663,S7653-1KG,sigmaadrich.com
294,Sodium chloride crystal,Annie's bench 607,3654-05,avantornic.com
295,Sodium citrate dihydrate,Chemical cabinet 663,3646-01,avantornic.com
296,Sodium Deoxycholate,Chemical drawer 663,D6750-25G,sigmaadrich.com
297,Sodium dodecyl sulfate (SDS),Chemical cabinet and large cabinet 663,BP166-500,fishersci.com
298,Sodium fluoride,Chemical cabinet 663,11561,alfa.com
299,Sodium formate,Chemical cabinet and drawer 663,71539,sigmaadrich.com
300,Sodium glychochenodeoxycholate,Chemical drawer 663,G0759-500MG,alfa.com
301,Sodium glycocholate hydrate,Chemical drawer 663,G7132-1G,sigmaaldrich.com
302,Sodium glycodeoxycholate,Chemical drawer 663,G9910-1G,sigmaaldrich.com
303,Sodium hydroxide,Large chemical cabinet 663,7708.06,avantormaterials.com
304,Sodium L-tartrate dibasic dihydrate,Chemical cabinet 663,33242,alfa.com
305,Sodium molybdate dihydrate,Chemical drawer 663,331058-5G,sigmaaldrich.com
306,Sodium nitrate,Chemical cabinet 663,S343-500,fishersci.com
307,Sodium nitrite,Chemical cabinet 663,237213-100G,sigmaaldrich.com
308,Sodium n-octyl sulfate,Chemical drawer 663,A11786,alfa.com
309,Sodium phosphate dibasic anhydrous,Chemical cabinet 663,3828-01,avantornic.com
310,Sodium phosphate monobasic monohydrate,Large chemical cabinet 663,0832-1KG,us.vwr.com
311,Sodium polyphosphate,Chemical cabinet 663,390432500,fishersci.com
312,Sodium pyrophosphate 10-hydrate,Chemical cabinet 663,3850-0,avantornic.com
313,Sodium selenite,Chemical drawer 663,S5261-10G,sigmaaldrich.com
314,Sodium succinate dibasic hexahydrate,Chemical cabinet 663,S2378-100G,sigmaaldrich.com
315,Sodium sulfate ,Fume hood 663,239313-500G,sigmaaldrich.com
316,Sodium sulfide nonahydrate,Fridge 663,208043-5G,sigmaaldrich.com
317,Sodium sulfite anhydrous,Chemical cabinet 663,71989,sigmaaldrich.com
318,Sodium taurochenodeoxycholate,Chemical drawer 663,T6260-250MG,sigmaaldrich.com
319,Sodium taurochenodeoxycholate hydrate,Chemical drawer 663,T0875-1G,sigmaaldrich.com
320,Sodium taurocholate,Chemical cabinet 663,CR011-500G,himedialabs.com
321,Sodium taurodeoxycholate ,Chemical drawer 663,T6260-1G,sigmaaldrich.com
322,Sodium tetraborate decahydrate,Large chemical cabinet 663,B9876-1KG,sigmaaldrich.com
323,Sodium thioglycolate,Back -20 663,T0632-25G,sigmaaldrich.com
324,Sodium tungstate dihydrate,Chemical drawer 663,14304-100G,sigmaaldrich.com
325,Soduim phosphate monobasic monohydrate NaH2PO4,Chemical cabinet 663,5369-500,fishersci.com
326,Solution C1,Jenny's bench 663,157030108,qiagen.com
327,Solution C2,Jenny's bench 663,157026483,qiagen.com
328,Solution C4,Jenny's bench 663,157027379,qiagen.com
329,Solution C5,Jenny's bench 663,R1663,mobio.com
330,Solution C6,Jenny's bench 663,157026428,qiagen.com
331,Sorbitol,Chemical cabinet 663,S3889-500G,sigmaaldrich.com
332,Spectinomycin dihydrochloride pentahydrate,Fridge 663,152067,mpbio.com
333,Staphlococcus agar No.110,Large chemical cabinet 663,M156-2.5KG,himedialabs.com
334,Starch,Chemcial cabinet and fume hood 663,S9765-100G,sigmaaldrich.com
335,Steric acid,Jenny's bench 663,A12244,alfa.com
336,Streptomycin sulfate salt,Fridge 663,S6501-25G,sigmaaldrich.com
337,Succinic acid,Chemical cabinet 663,S-9512,sigmaaldrich.com
338,Sucralose,Chemical cabinet 663,S3437,spectrumchemical.com
339,Sucrose,Chemical cabinet 663,177140010,fishersci.com
340,Sulfanilamide,Chemical cabinet 663,S9251-100G,sigmaaldrich.com
341,Taurine,Chemical cabinet 663,T0625-100G,sigmaaldrich.com
342,Taurocholic acid sodium salt hydrate,Chemical cabinet 663,4009-100G,sigmaaldrich.com
343,TC Lactalbumin hydrolysate,Armando's bench 663,259962,bdbiosciences.com
344,Terrific broth,Chemical cabinet 663,BP2468-100,fishersci.com
345,Tertradecanoic acid,Jenny's bench 663,A12067,alfa.com
346,Tetraacetic acid,Chemical cabinet 663,02783-100,fishersci.com
347,Tetrachloroisophthalonitrile,Jeff 607,1897-45-6,sigmaaldrich.com
348,Tetracycline hydrochloride,Chemical drawer and back -20 663,58346,emdmillipore.com
349,Thermolysin,Side -20 663,P1512-25MG,sigmaaldrich.com
350,Thiamine hydrochloride,Chemical cabinet 663,Bp92-100,fishersci.com
351,Thiamine hydrochloride hydrate,Fume hood 663,T0181,tcichemicals.com
352,Thiamine pyrophosphate,Side -20 663,C8754-25G,sigmaaldrich.com
353,Thiamphenicol,Chemical drawer 663,156846,mpbio.com
354,Threonine,Chemical drawer 663,103050,mpbio.com
355,Thymidine,Chemical drawer Fridge and Back -20 663,T9250-5G,sigmaaldrich.com
356,Trehalos 6-phosphate dipotassium salt,Side -20 663,T4272-25G,sigmaaldrich.com
357,Trehalose dihydrate,Chemical drawer 663,625625-50GM,emdmillipore.com
358,Tricine,Chemical cabinet 663,T5816-1006,sigmaaldrich.com
359,Tricine buffer,Fridge 607,161-0744,bio-rad.com
360,Tris base ultrapure,Large chemical cabinet 663,T60040-1000.0,rpicorp.com
361,Tris hydrochloride,Chemical cabinet 663,15506-017,thermofisher.com
362,Tris MW=121,Chemical cabinet 663,049-500G,us.vwr.com
363,Triton-X-100,Chemical cabinet 663,t8787-250ML,sigmaaldrich.com
364,Trypsin,Back -20 663,T4799-5G,sigmaaldrich.com
365,Tryptic soy broth,Annie's bench 607,211825,bdbiosciences.com
366,Trypticase peptone,Chemical cabinet 663,211921,bdbiosciences.com
367,Tryptone bacto,Chemical cabinet 663,211705,bdbiosciences.com
368,Tryptophan,Chemical drawer and fume hood 663,140590251,fishersci.com
369,Tryptose blood agar base,Chemical cabinet 663,223220,bdbiosciences.com
370,Tween 20,Chemical cabinet 663 and Nakil's bench 607,0777-1L,us.vwr.com
371,Tween 80,Chemical cabinet 663,0442-1L,us.vwr.com
372,Tyrosine,Chemical drawer Fume hood and Large chemical cabinet 663,T3754-50G,sigmaaldrich.com
373,Uracil,Chemical drawer 663,U1128-25G,sigmaaldrich.com
374,Urea,chemical cabinet 663,8648,mallinckrodt.com
375,Uridine,Chemical drawer 663,U3003-5G,sigmaaldrich.com
376,Vaccenic acid,Side -20 663,103223,mpbio.com
377,Valine,Chemical drawer and fume hood 663,A12770,alfa.com
378,Vancomycin,Fridge 663,BP2958-1,fishersci.com
379,Vancomycin hydrochloride,Fridge 663,J62790,alfa.com
380,Vitamin B12,Frdige 663,V2876-1G,sigmaaldrich.com
381,Vitamin K1,Fridge 663,V3501-5G,sigmaaldrich.com
382,Wilkins Chalgren Anaerobic agar,Chemical cabinet 663,CMK0619,thermofisher.com
383,Xanthine,Chemical drawer 663,X737510,sigmaaldrich.com
384,X-gal powder,Fridge 663,C-5687-1G,bioexpress.com
385,Xylan,Chemical drawer 663,X0064,tcichemicals.com
386,Xylene Cyanole F.F.,Chemical drawer 663,806801,mpbio.com
387,Xylose,Chemical cabinet 663,X0019,tcichemicals.com
388,Yeast extract bacto,Chemical cabinet 663 and Annies' bench 607,BP1422-500,fishersci.com
389,Yeast nitrogen base without amino acids,Chemical cabinet 663,291940,bdbiosciences.com
390,Zinc Acetate dihydrate,Chemical cabinet 663,3658-500G,sigmaaldrich.com
391,Zinc chloride,Chemical cabinet 663,208056-100G,sigmaaldrich.com
392,Zinc sulfate heptahydrate,Chemical drawer 663,24750-100G,sigmaaldrich.com
